name,email,region,PIN,access_count
Xenos Trevino,magna.a@expedia.org,Baja California,5932,3
Timothy Harrington,iaculis@protonmail.org,Cusco,6273,71
Molly Thompson,integer.vulputate@aol.edu,Zamboanga Peninsula,1244,67
Lionel Leonard,vitae.semper@expedia.net,Magadan Oblast,1721,97
Clinton Pope,mollis.integer@aol.com,South Island,8132,97
Alan Shannon,quisque@expedia.net,Worcestershire,8484,2
Dalton Goodwin,ac.metus@protonmail.couk,Styria,9635,2
Kiona Kane,et.magnis@expedia.org,Cauca,3855,3
Price Sears,mauris.morbi@expedia.ca,Västra Götalands län,3687,31
Madeline English,arcu.ac@protonmail.edu,Odessa oblast,4195,17
Brynn Zamora,cum.sociis@expedia.edu,Lazio,2979,19
Tucker Rios,penatibus.et.magnis@expedia.couk,Soccsksargen,7632,5
Martena Sloan,eu.tellus.phasellus@expedia.edu,Nova Scotia,4810,1
Jeanette Roach,nisl.nulla.eu@expedia.edu,Cusco,3744,1
Lance Morales,venenatis.a@expedia.edu,Mizoram,1473,53
Seth Christian,mus.proin@expedia.ca,Maule,9097,83
Clinton Christensen,suspendisse.dui.fusce@expedia.couk,North Island,2916,11
Lewis Wells,in.cursus@expedia.couk,West Nusa Tenggara,5080,11
MacKensie Terrell,sem@expedia.com,Dalarnas län,8891,17
Lilah Contreras,egestas.a@aol.ca,Puntarenas,9226,29
Regan Lynn,dignissim.pharetra.nam@expedia.org,Vienna,1644,73
Dominique Banks,arcu.imperdiet@aol.org,Aragón,8227,1
Silas Zimmerman,odio.sagittis.semper@protonmail.edu,Leinster,3149,83
Erasmus Delacruz,donec.non@expedia.com,Buckinghamshire,1685,73
Ray Saunders,lectus.ante@expedia.edu,Principado de Asturias,4437,79
Jade Tyler,cras.convallis.convallis@expedia.org,Azad Kashmir,3934,2
Joshua Chase,nam@expedia.ca,Lambayeque,1416,5
Leonard Hebert,purus.mauris@expedia.net,Huáběi,4361,67
Slade Simon,vestibulum.accumsan.neque@protonmail.net,Marche,8640,7
Rhonda Walls,malesuada.vel@expedia.edu,Xīběi,5396,89
Hannah Tillman,lobortis@expedia.net,Comunitat Valenciana,4995,31
Richard Lewis,ornare@yahoo.com,Chernivtsi oblast,5674,29
Aristotle Beck,adipiscing@expedia.edu,Västra Götalands län,1157,5
Alika Wong,vivamus.non.lorem@expedia.ca,Picardie,8120,89
Jaime Carson,magna.malesuada@protonmail.ca,Queensland,7689,53
Fallon Fletcher,nunc@expedia.edu,Ulster,2466,17
Jolie Dunlap,neque.nullam@expedia.net,Jigawa,4709,89
Shana Hickman,integer.vitae@expedia.org,FATA,4339,41
Jescie Blake,sed.tortor.integer@expedia.org,Lazio,3800,13
Gillian Wilkinson,ad.litora@aol.com,Valparaíso,1644,1
Geoffrey Langley,proin.mi@expedia.net,Kujawsko-pomorskie,9183,11
Jael Foley,ac.facilisis@expedia.edu,South Chungcheong,4491,13
Zachary Santos,et.magnis@expedia.edu,North Region,8181,59
Daria Waters,lectus.nullam@expedia.net,North Island,2490,31
Harper Bean,auctor@expedia.org,Amur Oblast,9462,47
Joy Santiago,elit@expedia.couk,Phú Thọ,3146,47
Jerome Smith,nonummy.fusce@expedia.net,Arica y Parinacota,9734,89
Cain Deleon,hendrerit.donec@aol.com,Santa Catarina,8776,17
Penelope Rush,semper@expedia.com,Gyeonggi,4830,1
Roary Weber,mauris.ut@protonmail.org,Valle del Cauca,6047,47
Ira Becker,eu.odio@yahoo.com,Virginia,2061,47
Daniel Burns,vel@aol.couk,Yukon,5259,61
Shana Hickman,integer.vitae@expedia.org,FATA,4339,41
Roary Delgado,vitae@expedia.net,Veracruz,1246,31
Madeline Hammond,mi@expedia.couk,Noord Holland,2220,89
Rama Dejesus,vivamus.non@expedia.org,Veneto,1443,73
Nissim Emerson,scelerisque@expedia.com,New South Wales,3542,79
Alexa Hoover,interdum.nunc.sollicitudin@expedia.org,Poitou-Charentes,9091,31
Abraham Sweet,rutrum.justo@yahoo.net,Rutland,8568,83
Colette Adams,molestie@yahoo.ca,Kogi,9041,19
Zorita Mccullough,vehicula@expedia.couk,Arica y Parinacota,2284,41
Eric Soto,enim@aol.couk,Eastern Cape,2910,59
Leigh Avery,aliquam.tincidunt@expedia.ca,Västra Götalands län,7408,5
Brennan Lee,nam.tempor@aol.ca,Nunavut,8147,7
Brooke Rivera,ipsum@protonmail.edu,Leningrad Oblast,4377,67
Kitra Perkins,egestas.hendrerit.neque@expedia.org,Languedoc-Roussillon,3714,13
Alexis Duncan,sagittis.lobortis@expedia.couk,Pomorskie,3861,79
Cedric Shaw,convallis.est@protonmail.net,Noord Holland,9625,83
Indigo Mcleod,penatibus@expedia.edu,Bretagne,1250,71
Warren Duncan,aliquam.eros.turpis@yahoo.couk,Şanlıurfa,1630,41
Naomi Buchanan,est@expedia.couk,Los Lagos,1690,1
Price Sears,mauris.morbi@expedia.ca,Västra Götalands län,3687,31
Byron Nunez,erat@expedia.net,South Island,2406,61
Jason Foley,non.enim@expedia.ca,Agder,3062,1
Joan Poole,accumsan.convallis@expedia.edu,Delta,5750,59
Molly Larson,nulla.integer.urna@expedia.edu,San José,2053,59
Hall Lindsey,at.fringilla@yahoo.couk,Connacht,3862,73
Noah Newton,at.augue@expedia.couk,Carinthia,8589,2
Elliott Hess,orci.luctus.et@expedia.net,Smolensk Oblast,1914,67
Hamish Christian,ut.odio.vel@protonmail.net,South Island,5181,83
Kasimir Lewis,eu@aol.edu,Los Lagos,6736,73
Burke Becker,molestie.arcu@expedia.couk,Calabarzon,3215,53
Kamal Harper,sit.amet.consectetuer@expedia.com,Vestland,7706,79
Brynn Zamora,cum.sociis@expedia.edu,Lazio,2979,19
Ivory Todd,phasellus.libero@expedia.ca,South Gyeongsang,9400,37
Chandler Summers,lacus@expedia.couk,Bangsamoro,9019,43
Nathaniel Roman,aliquam@expedia.net,Valparaíso,7809,79
Tara Fischer,sit.amet@expedia.ca,West Region,1573,97
Alec Stein,malesuada.fringilla@expedia.ca,Podlaskie,2838,53
Daryl Pearson,vel@expedia.ca,South Island,5766,11
Chester Wiley,ipsum.non@protonmail.com,Magdalena,7904,31
Yardley Bowen,ornare.placerat@expedia.edu,Luik,2657,23
Xanthus Yang,erat.vivamus@expedia.couk,Rajasthan,2265,7
Quin Frederick,sollicitudin.adipiscing@aol.ca,West Java,5341,43
Rogan Copeland,et.lacinia.vitae@expedia.couk,West-Vlaanderen,8314,97
Edan Cline,hendrerit.neque.in@yahoo.couk,Tyrol,5019,7
Griffith Davenport,eget.mollis@yahoo.edu,Gauteng,3740,43
Rafael Sharpe,velit.justo@expedia.org,Central Region,2184,67
Amela Stout,non@expedia.org,Southwestern Tagalog Region,5702,7
Meredith Sargent,facilisis@expedia.edu,Hidalgo,3199,71
Evan Mercado,ac.mattis@expedia.couk,Đồng Tháp,1415,23
Kennedy Thomas,quisque.tincidunt.pede@aol.org,Veracruz,8692,79
Mia Vazquez,imperdiet.erat.nonummy@aol.net,Pará,5849,89
Leonard Hebert,purus.mauris@expedia.net,Huáběi,4361,67
